polymer_1,polymer_p2,ratio_1_2,filler_1,wt_l1,filler_2,wt_l2,foaming,conductivity,owner
HDPEtreated,,,GNP,13.937780992165122,,,0,4.83837479138815,data set 5
HDPEtreated,,,GNP,2.289693710309141,,,0,0.08699464017586203,data set 5
HDPEtreated,,,GNP,13.35369114749994,,,0,5.111545814094942,data set 5
HDPEtreated,,,GNP,23.39347906305936,,,0,14.008136137952699,data set 5
HDPEtreated,,,GNP,16.25536479276003,,,0,5.732612141163809,data set 5
HDPEtreated,,,GNP,21.879157428914063,,,0,13.552110721634769,data set 5
HDPEtreated,,,GNP,9.057172693795748,,,0,3.2886923084254587,data set 5
HDPEtreated,,,GNP,1.0602718367148487,,,0,0.0011583839648937199,data set 5
HDPEtreated,,,GNP,7.745494968530945,,,0,2.2008712575339637,data set 5
HDPEtreated,,,GNP,2.868452317190984,,,0,0.14096648877982487,data set 5
HDPEtreated,,,GNP,6.00321194453607,,,0,0.9582284071371828,data set 5
HDPEtreated,,,GNP,21.723277680996315,,,0,7.220148433925092,data set 5
HDPEtreated,,,GNP,13.979995355510116,,,0,3.9416393359945734,data set 5
HDPEtreated,,,GNP,19.833026288948318,,,0,9.8890226668745,data set 5
HDPEtreated,,,GNP,3.1463979954624834,,,0,0.17407593435139201,data set 5
HDPEtreated,,,GNP,3.3803986964130646,,,0,0.5211941506893565,data set 5
HDPEtreated,,,GNP,7.717349479795833,,,0,1.3618012916099425,data set 5
HDPEtreated,,,GNP,3.549645583862633,,,0,0.5574537632519073,data set 5
HDPEtreated,,,GNP,22.262722658336198,,,0,11.655394575866989,data set 5
HDPEtreated,,,GNP,1.3905693714510399,,,0,0.0365121828286348,data set 5
HDPEtreated,,,GNP,21.54748459385204,,,0,7.885242637438713,data set 5
HDPEtreated,,,GNP,5.2765973542658315,,,0,1.0383913510734728,data set 5
HDPEtreated,,,GNP,17.77149647755692,,,0,3.8321511410123956,data set 5
HDPEtreated,,,GNP,19.532069114978533,,,0,8.080175397553694,data set 5
HDPEtreated,,,GNP,13.291414338410512,,,0,2.8876051279638335,data set 5
HDPEtreated,,,GNP,9.647027358066449,,,0,2.7577119238921957,data set 5
HDPEtreated,,,GNP,11.726828194966853,,,0,3.0456894666409693,data set 5
HDPEtreated,,,GNP,7.884266498250839,,,0,2.4122185548750705,data set 5
HDPEtreated,,,GNP,12.141435602524997,,,0,3.3086798612279833,data set 5
HDPEtreated,,,GNP,16.565142095696963,,,0,8.389543881781341,data set 5
HDPEtreated,,,GNP,5.801308953183506,,,0,0.7950513646137226,data set 5
HDPEtreated,,,GNP,2.6795159052570563,,,0,0.19365149711411242,data set 5
HDPEtreated,,,GNP,17.720001926871078,,,0,6.626923741982631,data set 5
HDPEtreated,,,GNP,12.30246234806692,,,0,3.923236940689451,data set 5
HDPEtreated,,,GNP,6.795240906483095,,,0,1.617516306834494,data set 5
HDPEtreated,,,GNP,4.597037794121126,,,0,0.8185791145561356,data set 5
HDPEtreated,,,GNP,20.47568487330523,,,0,11.597493032506963,data set 5
HDPEtreated,,,GNP,6.250478651915556,,,0,1.6510489967013813,data set 5
HDPEtreated,,,GNP,6.2643797713377705,,,0,0.8515517010149877,data set 5
HDPEtreated,,,GNP,12.133426963041398,,,0,4.702804332452988,data set 5
HDPEtreated,,,GNP,6.912954808475784,,,0,1.2386001088690979,data set 5
HDPEtreated,,,GNP,5.875825950065981,,,0,1.227335905255439,data set 5
HDPEtreated,,,GNP,24.201825606056897,,,0,6.68969511663253,data set 5
HDPEtreated,,,GNP,12.461528243714639,,,0,4.926611221368155,data set 5
HDPEtreated,,,GNP,21.45117500508139,,,0,10.670710451960014,data set 5
HDPEtreated,,,GNP,24.116910016994282,,,0,14.45274021995234,data set 5
HDPEtreated,,,GNP,22.649521682625185,,,0,14.454738378977565,data set 5
HDPEtreated,,,GNP,21.066493527602397,,,0,8.830131511982389,data set 5
HDPEtreated,,,GNP,6.0144040548185975,,,0,1.0906682552698177,data set 5
HDPEtreated,,,GNP,3.7782191015151767,,,0,0.5282454163507005,data set 5
HDPEtreated,,,GNP,19.579973629531054,,,0,7.842423906169608,data set 5
HDPEtreated,,,GNP,13.055152491074672,,,0,4.904738457091358,data set 5
HDPEtreated,,,GNP,15.019470170607184,,,0,5.052498758532645,data set 5
HDPEtreated,,,GNP,14.737415999805819,,,0,5.741870485572202,data set 5
HDPEtreated,,,GNP,8.644706025558119,,,0,3.0832232385160308,data set 5
HDPEtreated,,,GNP,17.29638991859559,,,0,8.459080672570472,data set 5
HDPEtreated,,,GNP,7.355394101070665,,,0,1.7073777086771187,data set 5
HDPEtreated,,,GNP,3.3297557169815377,,,0,0.3466053361128343,data set 5
HDPEtreated,,,GNP,4.707627191093382,,,0,0.9863071858188668,data set 5
HDPEtreated,,,GNP,12.379953522528597,,,0,2.477805985343776,data set 5
HDPEtreated,,,GNP,8.802548875919626,,,0,1.4173853441183262,data set 5
HDPEtreated,,,GNP,17.074253857042358,,,0,3.318409682315326,data set 5
HDPEtreated,,,GNP,11.863700775328816,,,0,2.383854911472431,data set 5
HDPEtreated,,,GNP,2.727917975264952,,,0,0.33931879920863245,data set 5
HDPEtreated,,,GNP,15.130856612002862,,,0,7.642491131896711,data set 5
HDPEtreated,,,GNP,14.363209355985964,,,0,3.5859441716993308,data set 5
HDPEtreated,,,GNP,23.056753275538885,,,0,10.006333603114767,data set 5
HDPEtreated,,,GNP,15.176132165209422,,,0,5.134911894211752,data set 5
HDPEtreated,,,GNP,10.414424079261202,,,0,2.348060874403623,data set 5
HDPEtreated,,,GNP,13.90924500861398,,,0,3.5347648627410506,data set 5
HDPEtreated,,,GNP,1.0343231707285074,,,0,0.0006569665119080059,data set 5
HDPEtreated,,,GNP,7.2486281609779875,,,0,1.000309199292605,data set 5
HDPEtreated,,,GNP,2.7261494472059002,,,0,0.21232909994431903,data set 5
HDPEtreated,,,GNP,16.114403689167954,,,0,4.170083802208911,data set 5
HDPEtreated,,,GNP,21.202644165376263,,,0,5.5359066799016805,data set 5
HDPEtreated,,,GNP,10.651318909778757,,,0,3.1700299560471192,data set 5
HDPEtreated,,,GNP,8.224540061748545,,,0,1.2528870747304626,data set 5
HDPEtreated,,,GNP,11.223276279315412,,,0,3.0826994741197993,data set 5
HDPEtreated,,,GNP,15.875916679554276,,,0,5.951819578145035,data set 5
HDPEtreated,,,GNP,16.735859950584885,,,0,3.643360450762771,data set 5
HDPEtreated,,,GNP,4.414099688650926,,,0,0.8416054770565651,data set 5
HDPEtreated,,,GNP,23.66104262624523,,,0,10.470422816480827,data set 5
HDPEtreated,,,GNP,19.795414382134723,,,0,4.424656973290272,data set 5
HDPEtreated,,,GNP,1.8886068209758289,,,0,0.10860168346493224,data set 5
HDPEtreated,,,GNP,4.357804648297695,,,0,0.7333987342806029,data set 5
HDPEtreated,,,GNP,6.953037083073877,,,0,1.6907286876825556,data set 5
HDPEtreated,,,GNP,4.609462611678693,,,0,0.6327580653055614,data set 5
HDPEtreated,,,GNP,17.66442382061455,,,0,5.249753643728411,data set 5
HDPEtreated,,,GNP,16.168385411704243,,,0,4.911297840652452,data set 5
HDPEtreated,,,GNP,18.615717075520898,,,0,7.574108373954537,data set 5
HDPEtreated,,,GNP,4.499210682956038,,,0,0.7564234414859282,data set 5
HDPEtreated,,,GNP,2.986984389733178,,,0,0.3896458147258608,data set 5
HDPEtreated,,,GNP,10.897457673901885,,,0,4.285969283422656,data set 5
HDPEtreated,,,GNP,13.3193802670549,,,0,4.120904131529476,data set 5
HDPEtreated,,,GNP,13.743662768338119,,,0,4.959467458440156,data set 5
HDPEtreated,,,GNP,16.224229648470647,,,0,8.559648216510645,data set 5
HDPEtreated,,,GNP,18.137981741553084,,,0,8.030823979453034,data set 5
HDPEtreated,,,GNP,9.241633843951671,,,0,3.0611720313223727,data set 5
HDPEtreated,,,GNP,8.752832739107284,,,0,2.5475781809022826,data set 5
HDPEtreated,,,GNP,14.581557868722001,,,0,4.208516273466599,data set 5
HDPEtreated,,,GNP,21.219321888477324,,,0,5.609134801749558,data set 5
HDPEtreated,,,GNP,13.977862361428588,,,0,4.28964763147979,data set 5
HDPEtreated,,,GNP,10.912211713034665,,,0,1.9161798373116177,data set 5
HDPEtreated,,,GNP,13.527359991453643,,,0,3.130469101153051,data set 5
HDPEtreated,,,GNP,1.5928322867547298,,,0,0.061312757336628394,data set 5
HDPEtreated,,,GNP,10.334901014449123,,,0,3.8715385879752002,data set 5
HDPEtreated,,,GNP,12.394705612682724,,,0,4.826512019427435,data set 5
HDPEtreated,,,GNP,8.143277878293386,,,0,1.4787957945131418,data set 5
HDPEtreated,,,GNP,12.549659688163445,,,0,5.26133840605238,data set 5
HDPEtreated,,,GNP,2.2900984671744,,,0,0.19681119621064902,data set 5
HDPEtreated,,,GNP,24.857537258251067,,,0,13.17127737443684,data set 5
HDPEtreated,,,GNP,14.381331563611148,,,0,5.123394671660809,data set 5
HDPEtreated,,,GNP,15.758869503165638,,,0,8.400501490213768,data set 5
HDPEtreated,,,GNP,13.453279600759627,,,0,4.484262899983158,data set 5
HDPEtreated,,,GNP,15.136871228539462,,,0,3.9769643779863966,data set 5
HDPEtreated,,,GNP,11.584115784369132,,,0,2.7545624026587507,data set 5
HDPEtreated,,,GNP,15.195424605975331,,,0,7.744806313911879,data set 5
HDPEtreated,,,GNP,24.80860550024804,,,0,6.899695676229672,data set 5
HDPEtreated,,,GNP,13.071061164743526,,,0,4.747680617355862,data set 5
HDPEtreated,,,GNP,12.065724922079209,,,0,4.825463947338944,data set 5
HDPEtreated,,,GNP,9.4130320008613,,,0,3.2679303068059644,data set 5
HDPEtreated,,,GNP,6.1284469094757865,,,0,1.7118046155729967,data set 5
HDPEtreated,,,GNP,16.346864374289254,,,0,5.742768340194119,data set 5
HDPEtreated,,,GNP,9.774567055300961,,,0,2.813006573138046,data set 5
HDPEtreated,,,GNP,22.11707495834084,,,0,9.966911201631497,data set 5
HDPEtreated,,,GNP,5.70787849143529,,,0,1.3603985301728252,data set 5
HDPEtreated,,,GNP,14.924355167812037,,,0,4.102171103125109,data set 5
HDPEtreated,,,GNP,12.760347783665573,,,0,3.3788396707862547,data set 5
HDPEtreated,,,GNP,7.975646419394661,,,0,2.586864836585426,data set 5
HDPEtreated,,,GNP,13.334044663413902,,,0,2.3475047616728943,data set 5
HDPEtreated,,,GNP,7.829831240038493,,,0,2.0698627576848176,data set 5
HDPEtreated,,,GNP,9.473556146053221,,,0,3.1441224488574195,data set 5
HDPEtreated,,,GNP,7.178189833220683,,,0,2.213706370228175,data set 5
HDPEtreated,,,GNP,6.043584846978327,,,0,1.3539322492408934,data set 5
HDPEtreated,,,GNP,7.98222670332283,,,0,1.3189888533653429,data set 5
HDPEtreated,,,GNP,11.503032967019024,,,0,4.681814155416525,data set 5
HDPEtreated,,,GNP,8.061573105014553,,,0,1.900897778968916,data set 5
HDPEtreated,,,GNP,11.58253405035742,,,0,2.40170865480689,data set 5
HDPEtreated,,,GNP,19.795940616947142,,,0,11.931959596104539,data set 5
HDPEtreated,,,GNP,3.970707409366968,,,0,0.6248082215100521,data set 5
HDPEtreated,,,GNP,20.615702112585485,,,0,12.853936966787087,data set 5
HDPEtreated,,,GNP,19.3421867006738,,,0,9.147139060709717,data set 5
HDPEtreated,,,GNP,1.1312328172140091,,,0,0.0031379369750599486,data set 5
HDPEtreated,,,GNP,21.84631759599204,,,0,6.344448261698289,data set 5
HDPEtreated,,,GNP,20.34740491181853,,,0,7.372517668785776,data set 5
HDPEtreated,,,GNP,3.499298628352671,,,0,0.287335472378048,data set 5
HDPEtreated,,,GNP,18.253427045245193,,,0,8.050992630754072,data set 5
HDPEtreated,,,GNP,18.895856826698907,,,0,7.334273474099595,data set 5
HDPEtreated,,,GNP,2.16728619958739,,,0,0.1471497589322995,data set 5
HDPEtreated,,,GNP,21.75211307925888,,,0,8.142389952416162,data set 5
HDPEtreated,,,GNP,13.181110152827209,,,0,3.7276659781467005,data set 5
HDPEtreated,,,GNP,21.831694040018874,,,0,6.927212062336762,data set 5
HDPEtreated,,,GNP,17.70150259867044,,,0,8.905732502166352,data set 5
HDPEtreated,,,GNP,2.5857427994759066,,,0,0.2716338058763347,data set 5
HDPEtreated,,,GNP,22.160088871360763,,,0,8.168037119128993,data set 5
HDPEtreated,,,GNP,1.6312530548866464,,,0,0.045412410485950884,data set 5
HDPEtreated,,,GNP,11.65201764766266,,,0,5.150871331435506,data set 5
HDPEtreated,,,GNP,2.3811273668187862,,,0,0.24036593491128497,data set 5
HDPEtreated,,,GNP,2.9405350131622123,,,0,0.29458300586493463,data set 5
HDPEtreated,,,GNP,23.437983064803074,,,0,14.669220261705576,data set 5
HDPEtreated,,,GNP,22.028503496003182,,,0,8.861397860752684,data set 5
HDPEtreated,,,GNP,9.899032752583377,,,0,2.441171990025817,data set 5
HDPEtreated,,,GNP,12.98016598417696,,,0,4.0626499357701915,data set 5
HDPEtreated,,,GNP,19.203737636349754,,,0,7.583787936462999,data set 5
HDPEtreated,,,GNP,7.476715412334683,,,0,1.82691140094043,data set 5
HDPEtreated,,,GNP,7.912012148820622,,,0,2.0507194997222906,data set 5
HDPEtreated,,,GNP,4.707176640529079,,,0,0.511613072448335,data set 5
HDPEtreated,,,GNP,8.977401572819637,,,0,3.1314395656311933,data set 5
HDPEtreated,,,GNP,22.192970263070993,,,0,11.149693240943515,data set 5
HDPEtreated,,,GNP,7.078535143469132,,,0,1.2937060131616265,data set 5
HDPEtreated,,,GNP,12.450205112849936,,,0,1.9923622460742731,data set 5
HDPEtreated,,,GNP,8.984020162722995,,,0,3.072921928850451,data set 5
HDPEtreated,,,GNP,4.491929124610114,,,0,0.6741505394321234,data set 5
HDPEtreated,,,GNP,3.4960476408310583,,,0,0.5548977622455139,data set 5
HDPEtreated,,,GNP,24.682988657971773,,,0,11.35793076281968,data set 5
HDPEtreated,,,GNP,5.227708654859673,,,0,0.7023710232267731,data set 5
HDPEtreated,,,GNP,21.385131069482792,,,0,8.968413743453683,data set 5
HDPEtreated,,,GNP,22.14066328875961,,,0,7.7553082903123265,data set 5
HDPEtreated,,,GNP,4.2282221705619225,,,0,0.80947184138397,data set 5
HDPEtreated,,,GNP,17.434678554823396,,,0,6.993828416640669,data set 5
HDPEtreated,,,GNP,16.096617401024243,,,0,7.719393647448205,data set 5
HDPEtreated,,,GNP,16.66966001907563,,,0,7.740412871492716,data set 5
HDPEtreated,,,GNP,13.67186546034123,,,0,2.997821339080564,data set 5
HDPEtreated,,,GNP,9.864866614400682,,,0,1.8552987731816877,data set 5
HDPEtreated,,,GNP,16.487971088306523,,,0,3.0595423213540625,data set 5
HDPEtreated,,,GNP,2.2983030924942476,,,0,0.11200621389014052,data set 5
HDPEtreated,,,GNP,11.580893401905303,,,0,3.288885874861208,data set 5
HDPEtreated,,,GNP,19.309676769937948,,,0,11.552564244801742,data set 5
HDPEtreated,,,GNP,22.37727210766599,,,0,11.444281947680368,data set 5
HDPEtreated,,,GNP,22.792832440603664,,,0,11.204902854579036,data set 5
HDPEtreated,,,GNP,9.634913658139254,,,0,1.2779790180939852,data set 5
HDPEtreated,,,GNP,13.354393907710861,,,0,2.6900784705347545,data set 5
HDPEtreated,,,GNP,3.1364024270986466,,,0,0.4647437002526124,data set 5
HDPEtreated,,,GNP,12.8202710312396,,,0,5.14205723737991,data set 5
HDPEtreated,,,GNP,5.769561256186314,,,0,0.7980207939977692,data set 5
HDPEtreated,,,GNP,8.913437235440183,,,0,2.661222622444211,data set 5
HDPEtreated,,,GNP,14.90558167720042,,,0,6.198311965610071,data set 5
HDPEtreated,,,GNP,20.661397925360717,,,0,5.074659598998106,data set 5
HDPEtreated,,,GNP,10.679979919175654,,,0,3.8088741896610774,data set 5
HDPEtreated,,,GNP,19.659424977587147,,,0,5.463057386232404,data set 5
HDPEtreated,,,GNP,19.802681028874026,,,0,10.095553990543513,data set 5
HDPEtreated,,,GNP,6.265469168652006,,,0,1.3570942286189422,data set 5
HDPEtreated,,,GNP,9.742964987762711,,,0,2.5712645091200295,data set 5
HDPEtreated,,,GNP,15.821762280999579,,,0,4.966784386059711,data set 5
HDPEtreated,,,GNP,2.0146773541840677,,,0,0.0891662911795683,data set 5
HDPEtreated,,,GNP,23.647074749922034,,,0,7.489011836350945,data set 5
HDPEtreated,,,GNP,19.058317861422285,,,0,9.503484863715823,data set 5
HDPEtreated,,,GNP,20.357631273279463,,,0,5.6562365818891625,data set 5
HDPEtreated,,,GNP,18.99022005269791,,,0,4.7486868214913285,data set 5
HDPEtreated,,,GNP,15.278828374011844,,,0,4.7060173277049335,data set 5
HDPEtreated,,,GNP,8.76960255807792,,,0,2.534073712580772,data set 5
HDPEtreated,,,GNP,10.571743973075225,,,0,2.114946898529636,data set 5
HDPEtreated,,,GNP,23.27876512403782,,,0,15.284867961983258,data set 5
HDPEtreated,,,GNP,3.2725385753873386,,,0,0.5026573994308443,data set 5
HDPEtreated,,,GNP,6.46788578917415,,,0,1.4299997329187313,data set 5
HDPEtreated,,,GNP,8.537658767911662,,,0,1.1094544215356794,data set 5
HDPEtreated,,,GNP,1.9646493932510296,,,0,0.0771333892850037,data set 5
HDPEtreated,,,GNP,23.70697694841827,,,0,10.776057332032224,data set 5
HDPEtreated,,,GNP,5.708932338530474,,,0,0.9735849382557602,data set 5
HDPEtreated,,,GNP,16.35496904837914,,,0,5.482810988425333,data set 5
HDPEtreated,,,GNP,23.753670740539842,,,0,12.615698464541115,data set 5
HDPEtreated,,,GNP,15.749463718216877,,,0,8.078285368211937,data set 5
HDPEtreated,,,GNP,23.15935835451288,,,0,14.033774124210705,data set 5
HDPEtreated,,,GNP,7.320281799320366,,,0,0.9883387276678723,data set 5
HDPEtreated,,,GNP,22.67778053208853,,,0,6.7883373545832475,data set 5
HDPEtreated,,,GNP,13.158517147330592,,,0,3.7909554875490525,data set 5
HDPEtreated,,,GNP,16.349388957416977,,,0,5.078314904128843,data set 5
HDPEtreated,,,GNP,14.703522240881513,,,0,6.250386636923421,data set 5
HDPEtreated,,,GNP,11.336902642620664,,,0,2.4029829333799735,data set 5
HDPEtreated,,,GNP,2.3730135371048817,,,0,0.15715812564065804,data set 5
HDPEtreated,,,GNP,11.449449239589732,,,0,4.323020803279787,data set 5
HDPEtreated,,,GNP,22.64766368039474,,,0,12.483539744060907,data set 5
HDPEtreated,,,GNP,7.339787556955646,,,0,2.2742950760479834,data set 5
HDPEtreated,,,GNP,1.5920219942938436,,,0,0.05069552658856502,data set 5
HDPEtreated,,,GNP,19.20028223100823,,,0,8.18140127998977,data set 5
HDPEtreated,,,GNP,6.777596537541832,,,0,2.026201008307589,data set 5
HDPEtreated,,,GNP,8.467638922718592,,,0,2.746250704942928,data set 5
HDPEtreated,,,GNP,1.3213943975597875,,,0,0.02652710104283382,data set 5
HDPEtreated,,,GNP,12.068029471189263,,,0,3.0941010421319604,data set 5
HDPEtreated,,,GNP,24.58927801787454,,,0,9.915247657436677,data set 5
HDPEtreated,,,GNP,16.654318062675323,,,0,3.1315775716667993,data set 5
HDPEtreated,,,GNP,24.679848519560554,,,0,6.963291071344959,data set 5
HDPEtreated,,,GNP,1.945229362653663,,,0,0.09631103534111235,data set 5
HDPEtreated,,,GNP,3.323193081934029,,,0,0.396539524426241,data set 5
HDPEtreated,,,GNP,7.185777064216021,,,0,1.4995110570538297,data set 5
HDPEtreated,,,GNP,2.323918384695731,,,0,0.08234910297593898,data set 5
HDPEtreated,,,GNP,2.203632242070923,,,0,0.1554482263642581,data set 5
HDPEtreated,,,GNP,7.630175849952826,,,0,1.1564108404334905,data set 5
HDPEtreated,,,GNP,17.241675308282463,,,0,7.171002986971124,data set 5
HDPEtreated,,,GNP,19.59324414121732,,,0,8.82188304847629,data set 5
HDPEtreated,,,GNP,21.85632433965049,,,0,6.288828420175761,data set 5
HDPEtreated,,,GNP,11.411538029134912,,,0,2.8506386856344132,data set 5
HDPEtreated,,,GNP,23.687177945106626,,,0,6.71172818461182,data set 5
HDPEtreated,,,GNP,6.737533104609911,,,0,1.0380828018692043,data set 5
HDPEtreated,,,GNP,4.44799121908822,,,0,0.8029125509457307,data set 5
HDPEtreated,,,GNP,16.43282277895637,,,0,3.0824182419132957,data set 5
HDPEtreated,,,GNP,11.110544458585467,,,0,3.3644125859398843,data set 5
HDPEtreated,,,GNP,2.11839604037539,,,0,0.09548927284632798,data set 5
HDPEtreated,,,GNP,3.847544445417504,,,0,0.6712948817431155,data set 5
HDPEtreated,,,GNP,15.507460828995262,,,0,7.953347018442523,data set 5
HDPEtreated,,,GNP,3.2151138977519365,,,0,0.18805448789233678,data set 5
HDPEtreated,,,GNP,24.721319692152992,,,0,12.363190363847426,data set 5
HDPEtreated,,,GNP,19.8316484988704,,,0,10.537780368784706,data set 5
HDPEtreated,,,GNP,13.73829807949357,,,0,3.0502365475046553,data set 5
HDPEtreated,,,GNP,7.434882367836277,,,0,1.484019623932945,data set 5
HDPEtreated,,,GNP,11.046195620975327,,,0,1.8912749671249731,data set 5
HDPEtreated,,,GNP,1.9665692286356835,,,0,0.08342860525098283,data set 5
HDPEtreated,,,GNP,7.111109614681481,,,0,1.8554496810654906,data set 5
HDPEtreated,,,GNP,22.745781676944507,,,0,7.4065608389076205,data set 5
HDPEtreated,,,GNP,2.0163736777600842,,,0,0.06639241213285342,data set 5
HDPEtreated,,,GNP,10.510901997859648,,,0,3.3349844481357502,data set 5
HDPEtreated,,,GNP,8.862677957851165,,,0,1.654234773916137,data set 5
HDPEtreated,,,GNP,7.175190497134841,,,0,2.2690510704236133,data set 5
HDPEtreated,,,GNP,20.270393936385744,,,0,12.12199893981123,data set 5
HDPEtreated,,,GNP,1.3621974323554804,,,0,0.03133958898234167,data set 5
HDPEtreated,,,GNP,24.754598304655985,,,0,15.894304889390323,data set 5
HDPEtreated,,,GNP,10.377031240160377,,,0,2.1180478651816896,data set 5
HDPEtreated,,,GNP,2.8353688505496253,,,0,0.18527733177087427,data set 5
HDPEtreated,,,GNP,5.406488510041125,,,0,0.8853381144950156,data set 5
HDPEtreated,,,GNP,2.6118636557219785,,,0,0.29591668222255524,data set 5
HDPEtreated,,,GNP,12.805518287753696,,,0,5.034488822368314,data set 5
HDPEtreated,,,GNP,3.335884446429284,,,0,0.27391746134088696,data set 5
HDPEtreated,,,GNP,19.686390034932174,,,0,6.810047233892998,data set 5
HDPEtreated,,,GNP,8.041337915364018,,,0,2.4282165716647133,data set 5
HDPEtreated,,,GNP,15.918307857720533,,,0,4.228293397665442,data set 5
HDPEtreated,,,GNP,12.337958885711137,,,0,3.003967978268012,data set 5
HDPEtreated,,,GNP,4.4275642380933995,,,0,0.4003949461361603,data set 5
HDPEtreated,,,GNP,11.028746803389552,,,0,2.549400960369919,data set 5
HDPEtreated,,,GNP,1.8199028151711278,,,0,0.0937457005927868,data set 5
HDPEtreated,,,GNP,6.640117880509034,,,0,1.1574669934574087,data set 5
HDPEtreated,,,GNP,23.374506503148627,,,0,6.621295373089072,data set 5
HDPEtreated,,,GNP,23.9990923797327,,,0,16.478253215861947,data set 5
HDPEtreated,,,GNP,1.1433563548581303,,,0,0.0051058283448454245,data set 5
HDPEtreated,,,GNP,14.475983603169032,,,0,6.148390048806591,data set 5
HDPEtreated,,,GNP,13.592387451189845,,,0,3.415112355570968,data set 5
HDPEtreated,,,GNP,2.66833241794897,,,0,0.1999224400903833,data set 5
HDPEtreated,,,GNP,19.2663968090597,,,0,5.500060935880401,data set 5
HDPEtreated,,,GNP,10.636553829263192,,,0,3.524437439606276,data set 5
HDPEtreated,,,GNP,17.7399932002704,,,0,6.661948959151416,data set 5
HDPEtreated,,,GNP,7.289035646878264,,,0,1.0441231079793647,data set 5
HDPEtreated,,,GNP,3.135746478485143,,,0,0.27145898531183527,data set 5
HDPEtreated,,,GNP,22.94781146030093,,,0,11.972424366120771,data set 5
HDPEtreated,,,GNP,19.953238209106043,,,0,6.884293599296607,data set 5
HDPEtreated,,,GNP,23.20462645357599,,,0,5.736564359436962,data set 5
HDPEtreated,,,GNP,5.084601881197019,,,0,0.4708331704241007,data set 5
HDPEtreated,,,GNP,5.333924237021314,,,0,0.6776300967866163,data set 5
HDPEtreated,,,GNP,11.48758200488776,,,0,1.9700395167550975,data set 5
HDPEtreated,,,GNP,1.1077540736388434,,,0,0.00213775748614795,data set 5
HDPEtreated,,,GNP,20.439671411509607,,,0,8.707286073040231,data set 5
HDPEtreated,,,GNP,14.944991297361316,,,0,5.539427247899187,data set 5
HDPEtreated,,,GNP,2.3128576593998114,,,0,0.13335699900299747,data set 5
HDPEtreated,,,GNP,6.366913005677019,,,0,1.7604572068054722,data set 5
HDPEtreated,,,GNP,1.0600545856681416,,,0,0.002045712901451569,data set 5
HDPEtreated,,,GNP,11.672247368489025,,,0,4.069772777959421,data set 5
HDPEtreated,,,GNP,9.807801244187736,,,0,2.0675598534208675,data set 5
HDPEtreated,,,GNP,16.678615759005186,,,0,4.794162270730908,data set 5
HDPEtreated,,,GNP,10.873784736211224,,,0,2.1857662995057683,data set 5
HDPEtreated,,,GNP,16.552327410633378,,,0,4.636863451583862,data set 5
HDPEtreated,,,GNP,6.400961370494811,,,0,1.6097871008946276,data set 5
HDPEtreated,,,GNP,18.520603936850826,,,0,5.604301932916409,data set 5
HDPEtreated,,,GNP,21.05040487635948,,,0,8.828373264799595,data set 5
HDPEtreated,,,GNP,18.03107345784992,,,0,10.165776403608895,data set 5
HDPEtreated,,,GNP,23.79756755122477,,,0,11.728667220667104,data set 5
HDPEtreated,,,GNP,4.009817140969372,,,0,0.6239098612473308,data set 5
HDPEtreated,,,GNP,2.2896696365176554,,,0,0.18446162000353883,data set 5
HDPEtreated,,,GNP,16.003282424609594,,,0,7.8109145064869505,data set 5
HDPEtreated,,,GNP,3.7055206021863727,,,0,0.3057611648657332,data set 5
HDPEtreated,,,GNP,24.35659434055657,,,0,8.312089461941447,data set 5
HDPEtreated,,,GNP,10.542473134145267,,,0,3.7793382972936267,data set 5
HDPEtreated,,,GNP,12.794806782234549,,,0,2.392778923344562,data set 5
HDPEtreated,,,GNP,13.598469256816568,,,0,6.23095511182722,data set 5
HDPEtreated,,,GNP,19.952437619596644,,,0,6.718163205719324,data set 5
HDPEtreated,,,GNP,10.746872817510331,,,0,1.5612430750997497,data set 5
HDPEtreated,,,GNP,4.188387193562722,,,0,0.3069070666458179,data set 5
HDPEtreated,,,GNP,16.690789016422702,,,0,5.370795049321431,data set 5
HDPEtreated,,,GNP,18.63166846180654,,,0,10.228277112618747,data set 5
HDPEtreated,,,GNP,1.4442537384687526,,,0,0.040992349716884896,data set 5
HDPEtreated,,,GNP,24.950116360000035,,,0,10.43324458245902,data set 5
HDPEtreated,,,GNP,10.710843665689282,,,0,1.832702242463174,data set 5
HDPEtreated,,,GNP,8.794013381107414,,,0,2.4942013140537105,data set 5
HDPEtreated,,,GNP,8.18378334967829,,,0,1.107548191639271,data set 5
HDPEtreated,,,GNP,20.26269213391401,,,0,11.531057194358555,data set 5
HDPEtreated,,,GNP,2.820107740630907,,,0,0.2993440894085886,data set 5
HDPEtreated,,,GNP,2.4842303350852095,,,0,0.1954626061270907,data set 5
HDPEtreated,,,GNP,9.073154129063642,,,0,2.081206372371205,data set 5
HDPEtreated,,,GNP,19.483734353529336,,,0,4.579493806275862,data set 5
HDPEtreated,,,GNP,21.61273244188756,,,0,11.913531121077089,data set 5
HDPEtreated,,,GNP,6.246452358381985,,,0,0.9272765606744034,data set 5
HDPEtreated,,,GNP,22.493402696687184,,,0,12.788094997029766,data set 5
HDPEtreated,,,GNP,24.280581163636725,,,0,11.342593725814934,data set 5
HDPEtreated,,,GNP,6.710729862018676,,,0,1.9463661756738195,data set 5
HDPEtreated,,,GNP,19.171726711416813,,,0,4.644500715616818,data set 5
HDPEtreated,,,GNP,18.951174322159098,,,0,7.011324510498301,data set 5
HDPEtreated,,,GNP,17.643022928084932,,,0,5.442621766800454,data set 5
HDPEtreated,,,GNP,7.806230474878634,,,0,1.901840502268437,data set 5
HDPEtreated,,,GNP,2.843319690582213,,,0,0.1793421612268377,data set 5
HDPEtreated,,,GNP,11.625941952136571,,,0,3.986252510859727,data set 5
HDPEtreated,,,GNP,12.914887522525472,,,0,4.633921480889997,data set 5
HDPEtreated,,,GNP,8.713743546869239,,,0,1.4682150612669478,data set 5
HDPEtreated,,,GNP,23.519693030277892,,,0,13.85549678244699,data set 5
HDPEtreated,,,GNP,24.23107267659232,,,0,11.929850777798508,data set 5
HDPEtreated,,,GNP,7.933926155074866,,,0,2.205568973358159,data set 5
HDPEtreated,,,GNP,20.202467964438476,,,0,11.442090275035852,data set 5
HDPEtreated,,,GNP,15.048064542011844,,,0,6.051482275042559,data set 5
HDPEtreated,,,GNP,14.26286037264023,,,0,5.818887699983502,data set 5
HDPEtreated,,,GNP,18.873390665154073,,,0,3.9649760873611193,data set 5
HDPEtreated,,,GNP,6.782893213096569,,,0,1.5939706570827539,data set 5
HDPEtreated,,,GNP,1.595341217417542,,,0,0.05749483874200658,data set 5
HDPEtreated,,,GNP,1.56632103221893,,,0,0.05296833535658749,data set 5
HDPEtreated,,,GNP,17.866689262107336,,,0,7.007540099653036,data set 5
HDPEtreated,,,GNP,20.760209227640413,,,0,6.696185780390077,data set 5
HDPEtreated,,,GNP,18.279154981498202,,,0,8.10510846095439,data set 5
HDPEtreated,,,GNP,21.036905812755766,,,0,12.76927813608103,data set 5
HDPEtreated,,,GNP,17.19398807422337,,,0,8.466732215320528,data set 5
HDPEtreated,,,GNP,17.336075165442164,,,0,5.469305293169635,data set 5
HDPEtreated,,,GNP,2.0802619382471628,,,0,0.12566168006679934,data set 5
HDPEtreated,,,GNP,8.240621370591644,,,0,2.409059018419106,data set 5
HDPEtreated,,,GNP,23.282950466154208,,,0,14.441394675719785,data set 5
HDPEtreated,,,GNP,13.405623776508243,,,0,3.842470491021386,data set 5
HDPEtreated,,,GNP,5.398195293562983,,,0,1.339082777959493,data set 5
HDPEtreated,,,GNP,21.52229690073817,,,0,5.3379520405340894,data set 5
HDPEtreated,,,GNP,11.683976835736305,,,0,3.2647451623182238,data set 5
HDPEtreated,,,GNP,10.863278479786054,,,0,2.7433275000553796,data set 5
HDPEtreated,,,GNP,9.130127087989266,,,0,2.840158779045808,data set 5
HDPEtreated,,,GNP,8.89367253257997,,,0,2.579033856811379,data set 5
HDPEtreated,,,GNP,4.450577984697022,,,0,0.6116010760431148,data set 5
HDPEtreated,,,GNP,16.923739636687642,,,0,5.924646396913683,data set 5
HDPEtreated,,,GNP,10.188176822163207,,,0,3.8466117330929737,data set 5
HDPEtreated,,,GNP,4.587238737014606,,,0,0.9992902345754402,data set 5
HDPEtreated,,,GNP,4.629378388802682,,,0,0.3772889379527908,data set 5
HDPEtreated,,,GNP,23.720419033608625,,,0,11.736911875451783,data set 5
HDPEtreated,,,GNP,4.303224095796852,,,0,0.5110006139907735,data set 5
HDPEtreated,,,GNP,17.57604427056696,,,0,6.864488901328482,data set 5
HDPEtreated,,,GNP,7.5200714579375205,,,0,2.3354088232093506,data set 5
HDPEtreated,,,GNP,15.318828751083005,,,0,6.407355353975194,data set 5
HDPEtreated,,,GNP,5.618303000105814,,,0,1.1299408646634759,data set 5
HDPEtreated,,,GNP,9.793495876708619,,,0,1.7461347861796608,data set 5
HDPEtreated,,,GNP,6.37552169233959,,,0,1.1114005205893307,data set 5
HDPEtreated,,,GNP,22.665690929973664,,,0,8.353390036368335,data set 5
HDPEtreated,,,GNP,24.227291604826846,,,0,12.600591108193948,data set 5
HDPEtreated,,,GNP,20.950212788925583,,,0,12.754391002733692,data set 5
HDPEtreated,,,GNP,15.624456924740667,,,0,3.911893916217981,data set 5
HDPEtreated,,,GNP,20.447104976537673,,,0,6.047090165874362,data set 5
HDPEtreated,,,GNP,19.084205436796736,,,0,10.902915518865951,data set 5
HDPEtreated,,,GNP,23.322141170561004,,,0,14.374668764045447,data set 5
HDPEtreated,,,GNP,16.309369486887327,,,0,5.2891282009323275,data set 5
HDPEtreated,,,GNP,10.625953823545792,,,0,1.9039810321802355,data set 5
HDPEtreated,,,GNP,13.728714213941917,,,0,2.560029613466577,data set 5
HDPEtreated,,,GNP,23.01938639844387,,,0,8.474554744416372,data set 5
HDPEtreated,,,GNP,8.819139641064025,,,0,2.617412234695944,data set 5
HDPEtreated,,,GNP,9.760150762332756,,,0,2.0207136922165363,data set 5
HDPEtreated,,,GNP,12.998017281011553,,,0,2.5024125400966573,data set 5
HDPEtreated,,,GNP,4.420546559197433,,,0,0.3379006067523014,data set 5
HDPEtreated,,,GNP,23.833903021777694,,,0,14.679770024266057,data set 5
HDPEtreated,,,GNP,8.335403765462111,,,0,2.0483359150779,data set 5
HDPEtreated,,,GNP,15.101374152036193,,,0,7.379078665694275,data set 5
HDPEtreated,,,GNP,15.310524155849874,,,0,4.506842660629226,data set 5
HDPEtreated,,,GNP,3.3852470760337443,,,0,0.19259378955993656,data set 5
HDPEtreated,,,GNP,12.2502468371241,,,0,1.9165933523067176,data set 5
HDPEtreated,,,GNP,2.772010811773031,,,0,0.26314013039831347,data set 5
HDPEtreated,,,GNP,5.532278939905426,,,0,0.8167939311828074,data set 5
HDPEtreated,,,GNP,12.808174238876644,,,0,5.128616208831073,data set 5
HDPEtreated,,,GNP,7.796038809529785,,,0,1.930754069165118,data set 5
HDPEtreated,,,GNP,16.22278950704301,,,0,4.119830470767398,data set 5
HDPEtreated,,,GNP,1.9574601543010948,,,0,0.13442223861531266,data set 5
HDPEtreated,,,GNP,1.1316870820250484,,,0,0.004689986779457298,data set 5
HDPEtreated,,,GNP,24.8665409179602,,,0,7.207971722357473,data set 5
HDPEtreated,,,GNP,14.78046255902149,,,0,6.739916243377989,data set 5
HDPEtreated,,,GNP,10.530028008489449,,,0,2.576277845085995,data set 5
HDPEtreated,,,GNP,1.526226096901703,,,0,0.05082827591019426,data set 5
HDPEtreated,,,GNP,6.852803595244508,,,0,0.8958079494171381,data set 5
HDPEtreated,,,GNP,1.3486823217441763,,,0,0.019913265447601334,data set 5
HDPEtreated,,,GNP,8.950190019950295,,,0,3.062936680762702,data set 5
HDPEtreated,,,GNP,19.92517174580492,,,0,7.245155263025553,data set 5
HDPEtreated,,,GNP,15.697352641640641,,,0,6.470523112878681,data set 5
HDPEtreated,,,GNP,22.788708459377794,,,0,12.149978781069688,data set 5
HDPEtreated,,,GNP,14.17611162349769,,,0,3.4023570793727758,data set 5
HDPEtreated,,,GNP,3.7067443406663436,,,0,0.48725747024798205,data set 5
HDPEtreated,,,GNP,20.890712825335775,,,0,11.461651952813527,data set 5
HDPEtreated,,,GNP,4.892181575336905,,,0,0.7419474230359544,data set 5
HDPEtreated,,,GNP,6.087982299559361,,,0,1.1525013056196411,data set 5
HDPEtreated,,,GNP,3.4466901949416577,,,0,0.4717366958501404,data set 5
HDPEtreated,,,GNP,15.16022446509253,,,0,7.791121136690828,data set 5
HDPEtreated,,,GNP,13.897523516046698,,,0,6.490527804128636,data set 5
HDPEtreated,,,GNP,6.134586362364694,,,0,1.3571361535564022,data set 5
HDPEtreated,,,GNP,15.629094651871812,,,0,6.414512332680799,data set 5
HDPEtreated,,,GNP,19.048167725443825,,,0,7.475187311789742,data set 5
HDPEtreated,,,GNP,20.42886861399514,,,0,10.091095222781501,data set 5
HDPEtreated,,,GNP,16.748711435979324,,,0,7.010753526508567,data set 5
HDPEtreated,,,GNP,15.41492442693794,,,0,6.07775795879871,data set 5
HDPEtreated,,,GNP,5.169639484876943,,,0,0.7917219449206467,data set 5
HDPEtreated,,,GNP,3.766040944689129,,,0,0.47605105072394066,data set 5
HDPEtreated,,,GNP,15.782094884531183,,,0,3.372709662097034,data set 5
HDPEtreated,,,GNP,19.455307472528588,,,0,10.435945003294659,data set 5
HDPEtreated,,,GNP,17.951669933576248,,,0,10.0244247951621,data set 5
HDPEtreated,,,GNP,8.77390534715784,,,0,1.4273768306316543,data set 5
HDPEtreated,,,GNP,11.077049890184792,,,0,2.2616564732713553,data set 5
HDPEtreated,,,GNP,7.96541944869168,,,0,1.0726754240156693,data set 5
HDPEtreated,,,GNP,13.621380009371997,,,0,5.896384114176778,data set 5
HDPEtreated,,,GNP,10.41547153083949,,,0,2.610293064406548,data set 5
HDPEtreated,,,GNP,15.5282648573873,,,0,5.984556500111495,data set 5
HDPEtreated,,,GNP,9.346698940635285,,,0,2.461191616963426,data set 5
HDPEtreated,,,GNP,23.334725995299376,,,0,14.280401608622714,data set 5
HDPEtreated,,,GNP,1.0060979387992353,,,0,2.9477051041883494e-05,data set 5
HDPEtreated,,,GNP,5.252454500785776,,,0,0.5667720390002228,data set 5
HDPEtreated,,,GNP,20.185170088393832,,,0,9.36905875617533,data set 5
HDPEtreated,,,GNP,16.420803199710537,,,0,3.5732907298520837,data set 5
HDPEtreated,,,GNP,21.42072761082256,,,0,9.086513657980621,data set 5
HDPEtreated,,,GNP,22.93532566397025,,,0,9.721855079026604,data set 5
HDPEtreated,,,GNP,12.49914700613548,,,0,2.3766509115841807,data set 5
HDPEtreated,,,GNP,9.812824993444949,,,0,1.7018079609035877,data set 5
HDPEtreated,,,GNP,5.166759668781728,,,0,1.0693595586838247,data set 5
HDPEtreated,,,GNP,16.574980416246085,,,0,7.096416175335334,data set 5
HDPEtreated,,,GNP,2.4172191478356675,,,0,0.14471365819238816,data set 5
HDPEtreated,,,GNP,11.785586778690078,,,0,3.7579635850913014,data set 5
HDPEtreated,,,GNP,7.949068086466204,,,0,1.7644516776053685,data set 5
HDPEtreated,,,GNP,9.348813973041697,,,0,3.5072501301150742,data set 5
HDPEtreated,,,GNP,1.4805706132163845,,,0,0.0475241612047606,data set 5
HDPEtreated,,,GNP,11.117047876628842,,,0,2.871661980776306,data set 5
HDPEtreated,,,GNP,24.847811200532636,,,0,13.233503676001284,data set 5
HDPEtreated,,,GNP,16.57379555782702,,,0,3.4039202874261143,data set 5
HDPEtreated,,,GNP,15.9181513952682,,,0,8.332561019035591,data set 5
HDPEtreated,,,GNP,17.63877971720097,,,0,4.164887640841688,data set 5
HDPEtreated,,,GNP,10.44134253013456,,,0,2.232364723250098,data set 5
HDPEtreated,,,GNP,10.611803729910598,,,0,2.051119804421407,data set 5
HDPEtreated,,,GNP,22.49393259681608,,,0,9.135055279815862,data set 5
HDPEtreated,,,GNP,8.03419866295554,,,0,2.4539243759059857,data set 5
HDPEtreated,,,GNP,24.49968306238868,,,0,15.541189862475594,data set 5
HDPEtreated,,,GNP,18.95046797975565,,,0,7.275428211403419,data set 5
HDPEtreated,,,GNP,12.350359041256873,,,0,1.9262158571045538,data set 5
HDPEtreated,,,GNP,16.066900961173662,,,0,5.310336092995874,data set 5
HDPEtreated,,,GNP,19.38118458355718,,,0,8.145438168031625,data set 5
HDPEtreated,,,GNP,21.832904551090564,,,0,14.017520887609859,data set 5
HDPEtreated,,,GNP,24.60540653464646,,,0,6.157683743996083,data set 5
HDPEtreated,,,GNP,22.920710771248345,,,0,14.506139498403872,data set 5
HDPEtreated,,,GNP,7.140912950390393,,,0,2.2139468017477872,data set 5
HDPEtreated,,,GNP,24.099471403852114,,,0,12.761840877317086,data set 5
HDPEtreated,,,GNP,9.480462830353574,,,0,3.049908696896695,data set 5
HDPEtreated,,,GNP,14.023341504817548,,,0,4.792630109380787,data set 5
HDPEtreated,,,GNP,18.688023384509933,,,0,8.860143743602741,data set 5
HDPEtreated,,,GNP,23.62633022503426,,,0,7.250559489527101,data set 5
HDPEtreated,,,GNP,13.83813576389578,,,0,3.754216093340189,data set 5
HDPEtreated,,,GNP,9.79787838639934,,,0,1.9852325623446152,data set 5
HDPEtreated,,,GNP,19.013407823111432,,,0,10.499066846109203,data set 5
HDPEtreated,,,GNP,4.047643168836503,,,0,0.6355606262987944,data set 5
HDPEtreated,,,GNP,7.0643722507795115,,,0,1.9734165992803123,data set 5
HDPEtreated,,,GNP,12.59209429150727,,,0,3.186780368791314,data set 5
HDPEtreated,,,GNP,8.141375096575022,,,0,2.189464243502285,data set 5
HDPEtreated,,,GNP,23.877884896301083,,,0,6.725190671877425,data set 5
HDPEtreated,,,GNP,14.905507293541541,,,0,3.2033976028235607,data set 5
HDPEtreated,,,GNP,10.23542673137796,,,0,2.1077333977745707,data set 5
HDPEtreated,,,GNP,6.525406129665394,,,0,1.2215193257623815,data set 5
HDPEtreated,,,GNP,9.074089435704881,,,0,1.7157362475709357,data set 5
HDPEtreated,,,GNP,12.967121894913284,,,0,2.822991218730568,data set 5
HDPEtreated,,,GNP,3.387073286372858,,,0,0.31879151168554326,data set 5
HDPEtreated,,,GNP,23.36169226718527,,,0,15.731414744977915,data set 5
HDPEtreated,,,GNP,6.5836601695477235,,,0,1.8872950075975379,data set 5
HDPEtreated,,,GNP,9.96929709483732,,,0,2.4394907582465115,data set 5
HDPEtreated,,,GNP,5.694679964688784,,,0,1.2772054913579844,data set 5
HDPEtreated,,,GNP,22.13132737076102,,,0,6.064782668510807,data set 5
HDPEtreated,,,GNP,19.067925349358816,,,0,11.476777491436081,data set 5
HDPEtreated,,,GNP,2.2041625926872426,,,0,0.1670689489081807,data set 5
HDPEtreated,,,GNP,14.136688378013694,,,0,3.2133984820389143,data set 5
HDPEtreated,,,GNP,11.150434825715006,,,0,1.9601214902452628,data set 5
HDPEtreated,,,GNP,18.167453007279924,,,0,8.667043345670482,data set 5
HDPEtreated,,,GNP,5.845695709529658,,,0,0.9617776259222087,data set 5
HDPEtreated,,,GNP,7.706337804838816,,,0,1.833005361087931,data set 5
HDPEtreated,,,GNP,12.286372964826155,,,0,4.771753224313407,data set 5
HDPEtreated,,,GNP,11.602567795574092,,,0,2.1494239807884106,data set 5
HDPEtreated,,,GNP,21.611051953199773,,,0,8.190271864763611,data set 5
HDPEtreated,,,GNP,22.86016923991195,,,0,6.122810153679862,data set 5
HDPEtreated,,,GNP,4.732788222443229,,,0,0.3737632549154875,data set 5
HDPEtreated,,,GNP,5.705181574797243,,,0,0.8739931765137413,data set 5
HDPEtreated,,,GNP,16.68688094432327,,,0,8.98235919146513,data set 5
HDPEtreated,,,GNP,15.348583973030454,,,0,6.760835393546087,data set 5
HDPEtreated,,,GNP,3.594343244220094,,,0,0.3641338179569716,data set 5
HDPEtreated,,,GNP,13.923839238640365,,,0,5.905179616128527,data set 5
HDPEtreated,,,GNP,8.04359033289266,,,0,1.4551584263845945,data set 5
HDPEtreated,,,GNP,15.555658985204191,,,0,4.619951734977873,data set 5
HDPEtreated,,,GNP,20.415620661005256,,,0,12.036129265472441,data set 5
HDPEtreated,,,GNP,16.4784672123456,,,0,4.290647483536207,data set 5
HDPEtreated,,,GNP,8.164615213324636,,,0,2.2315497821464727,data set 5
HDPEtreated,,,GNP,19.88180931036137,,,0,11.414053615390145,data set 5
HDPEtreated,,,GNP,18.922600970402815,,,0,11.242165393584221,data set 5
HDPEtreated,,,GNP,10.007521888715644,,,0,3.8099140534671867,data set 5
HDPEtreated,,,GNP,19.837542010328274,,,0,11.03116736266544,data set 5
HDPEtreated,,,GNP,13.601108852708421,,,0,3.94895851990646,data set 5
HDPEtreated,,,GNP,3.4514246817801535,,,0,0.26757912131813516,data set 5
HDPEtreated,,,GNP,3.830304813367664,,,0,0.24359474166039605,data set 5
HDPEtreated,,,GNP,4.049497021471906,,,0,0.7039708844243943,data set 5
HDPEtreated,,,GNP,14.38063217932515,,,0,5.223406571001233,data set 5
HDPEtreated,,,GNP,9.597653753324682,,,0,2.419943810770938,data set 5
HDPEtreated,,,GNP,12.806905569317767,,,0,3.3637509744434198,data set 5
HDPEtreated,,,GNP,15.291006600127819,,,0,6.293427196062386,data set 5
HDPEtreated,,,GNP,16.106388453930727,,,0,7.231141583440052,data set 5
HDPEtreated,,,GNP,24.33434062326004,,,0,7.470715732879724,data set 5
HDPEtreated,,,GNP,10.532564676758238,,,0,2.3568700099652764,data set 5
HDPEtreated,,,GNP,16.837749639076026,,,0,4.674489884712034,data set 5
HDPEtreated,,,GNP,23.342905251750228,,,0,13.87208876980592,data set 5
HDPEtreated,,,GNP,5.6634393677471175,,,0,1.3695690473636168,data set 5
HDPEtreated,,,GNP,11.25944723209195,,,0,3.2390071991964535,data set 5
HDPEtreated,,,GNP,5.072443456878223,,,0,0.6475267513846343,data set 5
HDPEtreated,,,GNP,18.792290831241463,,,0,10.773544222790898,data set 5
HDPEtreated,,,GNP,1.5717746500589573,,,0,0.04182549985207539,data set 5
HDPEtreated,,,GNP,12.000883568465703,,,0,3.674307840528109,data set 5
HDPEtreated,,,GNP,12.530947625255113,,,0,5.621653092809878,data set 5
HDPEtreated,,,GNP,2.8562643191472237,,,0,0.29422994520288753,data set 5
HDPEtreated,,,GNP,12.525272265089963,,,0,3.065367158015081,data set 5
HDPEtreated,,,GNP,8.085654393151511,,,0,1.4428221076892318,data set 5
HDPEtreated,,,GNP,9.134867170680614,,,0,2.675444783323149,data set 5
HDPEtreated,,,GNP,4.61478548123086,,,0,1.0140575673345347,data set 5
HDPEtreated,,,GNP,14.895159952203523,,,0,3.8898465552827908,data set 5
HDPEtreated,,,GNP,7.4540830919266865,,,0,0.9413331442207324,data set 5
HDPEtreated,,,GNP,13.866387524519205,,,0,3.7170756147751614,data set 5
HDPEtreated,,,GNP,2.774254391801642,,,0,0.1962652602323296,data set 5
HDPEtreated,,,GNP,16.575619657061964,,,0,5.162847415676761,data set 5
HDPEtreated,,,GNP,8.793737283556805,,,0,1.4657343792985873,data set 5
HDPEtreated,,,GNP,18.205204041282595,,,0,4.739713793749669,data set 5
HDPEtreated,,,GNP,18.039022233783797,,,0,7.252960251258066,data set 5
HDPEtreated,,,GNP,3.161054988960423,,,0,0.3117933558484547,data set 5
HDPEtreated,,,GNP,17.492928566864002,,,0,9.22233214410603,data set 5
HDPEtreated,,,GNP,9.81547950349725,,,0,2.804247458215938,data set 5
HDPEtreated,,,GNP,6.676960691456582,,,0,1.5631400844705878,data set 5
HDPEtreated,,,GNP,2.2280201424556187,,,0,0.1917949704139011,data set 5
HDPEtreated,,,GNP,1.274745709903855,,,0,0.009933473401536637,data set 5
HDPEtreated,,,GNP,4.343754659850702,,,0,0.3395006041591504,data set 5
HDPEtreated,,,GNP,12.794004577287328,,,0,3.2277356742275622,data set 5
HDPEtreated,,,GNP,11.925462162620967,,,0,3.2209621119254703,data set 5
HDPEtreated,,,GNP,19.390625976875295,,,0,7.912830480820475,data set 5
HDPEtreated,,,GNP,17.448130293378817,,,0,3.434660360590893,data set 5
HDPEtreated,,,GNP,15.402871667344474,,,0,5.738325128102621,data set 5
HDPEtreated,,,GNP,20.41889886986926,,,0,9.447691286220723,data set 5
HDPEtreated,,,GNP,9.380462793725133,,,0,2.3261346012389263,data set 5
HDPEtreated,,,GNP,20.42528257555584,,,0,7.888412160907944,data set 5
HDPEtreated,,,GNP,3.913295337192044,,,0,0.6485023013545764,data set 5
HDPEtreated,,,GNP,18.267567386826236,,,0,7.049692310104684,data set 5
HDPEtreated,,,GNP,18.89577954306999,,,0,6.414451160082087,data set 5
HDPEtreated,,,GNP,10.424025472009596,,,0,3.5482437329283227,data set 5
HDPEtreated,,,GNP,1.1663499948955938,,,0,0.0068824467756134254,data set 5
HDPEtreated,,,GNP,8.405487020524097,,,0,2.1391855518787466,data set 5
HDPEtreated,,,GNP,11.318994091736986,,,0,4.438367318303331,data set 5
HDPEtreated,,,GNP,1.134580407043356,,,0,0.004038238708245037,data set 5
HDPEtreated,,,GNP,16.841514204645545,,,0,3.802528208407374,data set 5
HDPEtreated,,,GNP,2.18799156463243,,,0,0.10435097952431309,data set 5
HDPEtreated,,,GNP,20.2715650186085,,,0,10.825602500778533,data set 5
HDPEtreated,,,GNP,24.04949165838569,,,0,5.732777586084933,data set 5
HDPEtreated,,,GNP,3.746377156010011,,,0,0.38201247938767646,data set 5
HDPEtreated,,,GNP,2.4624260970457605,,,0,0.09680866096854973,data set 5
HDPEtreated,,,GNP,18.765941178688557,,,0,9.334885715057666,data set 5
HDPEtreated,,,GNP,5.626523499875049,,,0,0.9307006752554646,data set 5
HDPEtreated,,,GNP,19.99210559919404,,,0,11.039416579458836,data set 5
HDPEtreated,,,GNP,23.348121433465597,,,0,10.476294793097203,data set 5
HDPEtreated,,,GNP,6.718494452552429,,,0,0.7973253232589249,data set 5
HDPEtreated,,,GNP,2.22546519324582,,,0,0.19932658599160358,data set 5
HDPEtreated,,,GNP,5.88693587881501,,,0,0.7639242108087494,data set 5
HDPEtreated,,,GNP,4.598336980148056,,,0,0.9302657459670306,data set 5
HDPEtreated,,,GNP,18.24441980593943,,,0,6.881909811553151,data set 5
HDPEtreated,,,GNP,2.3802443547332848,,,0,0.240884919348657,data set 5
HDPEtreated,,,GNP,21.161382908653707,,,0,6.310302291097333,data set 5
HDPEtreated,,,GNP,2.4114622932421357,,,0,0.22850496969828107,data set 5
HDPEtreated,,,GNP,22.788252414418956,,,0,10.470056229764948,data set 5
HDPEtreated,,,GNP,19.76547409237307,,,0,6.68709359498349,data set 5
HDPEtreated,,,GNP,14.149693879392615,,,0,3.0496946370424554,data set 5
HDPEtreated,,,GNP,21.033586569620713,,,0,6.068769451460939,data set 5
HDPEtreated,,,GNP,18.20561430980345,,,0,6.999786515024808,data set 5
HDPEtreated,,,GNP,1.641055034953597,,,0,0.031780654248178976,data set 5
HDPEtreated,,,GNP,13.97774327793745,,,0,3.7610682674377283,data set 5
HDPEtreated,,,GNP,5.092628498140395,,,0,0.5540712146740335,data set 5
HDPEtreated,,,GNP,4.967525297001376,,,0,0.7338739975754933,data set 5
HDPEtreated,,,GNP,17.741707697685435,,,0,4.413872231987303,data set 5
HDPEtreated,,,GNP,8.014549599924887,,,0,2.407306580713063,data set 5
HDPEtreated,,,GNP,13.047875210173645,,,0,3.7438690549600913,data set 5
HDPEtreated,,,GNP,21.494828865426694,,,0,12.773412445280474,data set 5
HDPEtreated,,,GNP,12.278295792721394,,,0,5.179242651420677,data set 5
HDPEtreated,,,GNP,8.403968844272935,,,0,1.27280428964022,data set 5
HDPEtreated,,,GNP,14.424952545862595,,,0,5.712021900171904,data set 5
HDPEtreated,,,GNP,8.922808584765672,,,0,1.3466173122238896,data set 5
HDPEtreated,,,GNP,14.498514169275321,,,0,4.441701041834172,data set 5
HDPEtreated,,,GNP,7.059973537340695,,,0,1.9757805464258549,data set 5
HDPEtreated,,,GNP,13.961054872971005,,,0,6.60901477625137,data set 5
HDPEtreated,,,GNP,13.95666348836604,,,0,5.300496364272277,data set 5
HDPEtreated,,,GNP,1.595579209884617,,,0,0.06139091858349627,data set 5
HDPEtreated,,,GNP,20.536896162168237,,,0,11.399071859055203,data set 5
HDPEtreated,,,GNP,11.554719089042834,,,0,3.3437024469457497,data set 5
HDPEtreated,,,GNP,21.98096994718768,,,0,10.423914795167533,data set 5
HDPEtreated,,,GNP,6.2954587891406,,,0,0.9594907989818886,data set 5
HDPEtreated,,,GNP,10.657961860468445,,,0,1.7047061963040961,data set 5
HDPEtreated,,,GNP,4.0916749960765575,,,0,0.42017823170118745,data set 5
HDPEtreated,,,GNP,21.41023806543351,,,0,10.339272099075888,data set 5
HDPEtreated,,,GNP,14.489046624489031,,,0,7.2771948385563,data set 5
HDPEtreated,,,GNP,7.20343713169914,,,0,2.2254500641570045,data set 5
HDPEtreated,,,GNP,13.277520573693339,,,0,3.0103654415226413,data set 5
HDPEtreated,,,GNP,10.24518600157145,,,0,2.740421459802864,data set 5
HDPEtreated,,,GNP,9.120585486357015,,,0,1.4812753571498183,data set 5
HDPEtreated,,,GNP,15.801365567504297,,,0,8.102886040486363,data set 5
HDPEtreated,,,GNP,7.041908785531023,,,0,1.9487556085452045,data set 5
HDPEtreated,,,GNP,8.287739320715145,,,0,1.0817121314444242,data set 5
HDPEtreated,,,GNP,12.611785021545229,,,0,2.3681946133741136,data set 5
HDPEtreated,,,GNP,19.181183876158865,,,0,6.134267450071085,data set 5
HDPEtreated,,,GNP,1.704823734187812,,,0,0.07933189265275548,data set 5
HDPEtreated,,,GNP,2.31751077210434,,,0,0.22490427468356441,data set 5
HDPEtreated,,,GNP,11.263490187929161,,,0,1.781910625256274,data set 5
HDPEtreated,,,GNP,10.624725723972062,,,0,2.113497537989558,data set 5
HDPEtreated,,,GNP,11.78195127270854,,,0,4.779917608189311,data set 5
HDPEtreated,,,GNP,5.019860723662286,,,0,0.407129922108705,data set 5
HDPEtreated,,,GNP,18.302344138677338,,,0,8.113718481237289,data set 5
HDPEtreated,,,GNP,5.676313098847243,,,0,0.8677132468705286,data set 5
HDPEtreated,,,GNP,14.948570603962008,,,0,5.321685875493928,data set 5
HDPEtreated,,,GNP,12.178494180807881,,,0,1.9796363643554251,data set 5
HDPEtreated,,,GNP,14.23392169780017,,,0,3.611872377553933,data set 5
HDPEtreated,,,GNP,23.793134417859438,,,0,13.978434697443438,data set 5
HDPEtreated,,,GNP,20.91978408826669,,,0,9.650163434380506,data set 5
HDPEtreated,,,GNP,19.362629570585742,,,0,11.759673706061372,data set 5
HDPEtreated,,,GNP,14.888424688813622,,,0,4.245784851181794,data set 5
HDPEtreated,,,GNP,21.184813596268306,,,0,13.170894335402558,data set 5
HDPEtreated,,,GNP,13.409584265593244,,,0,3.48275770301931,data set 5
HDPEtreated,,,GNP,4.616139126194684,,,0,0.8561220663714898,data set 5
HDPEtreated,,,GNP,22.41422362095279,,,0,14.256238706162927,data set 5
HDPEtreated,,,GNP,21.350654604249137,,,0,5.396662591060068,data set 5
HDPEtreated,,,GNP,19.747612454643885,,,0,7.642016186482574,data set 5
HDPEtreated,,,GNP,13.346616859661655,,,0,3.7215779070547508,data set 5
HDPEtreated,,,GNP,1.5292233102168984,,,0,0.03922992469515232,data set 5
HDPEtreated,,,GNP,17.616081619443,,,0,8.20731249804982,data set 5
HDPEtreated,,,GNP,6.740464868030352,,,0,2.0213327512748265,data set 5
HDPEtreated,,,GNP,15.868567277562722,,,0,3.1100309622268365,data set 5
HDPEtreated,,,GNP,16.010110471639482,,,0,7.465242001721355,data set 5
HDPEtreated,,,GNP,19.48467798619886,,,0,4.7736394265246735,data set 5
HDPEtreated,,,GNP,14.158285462324269,,,0,5.3732400875186235,data set 5
HDPEtreated,,,GNP,13.833270689628065,,,0,4.947187785926394,data set 5
HDPEtreated,,,GNP,4.043942203198477,,,0,0.5082246670371161,data set 5
HDPEtreated,,,GNP,15.221562581841258,,,0,3.173381385361129,data set 5
HDPEtreated,,,GNP,13.915557919717065,,,0,5.498345298328129,data set 5
HDPEtreated,,,GNP,20.280240304992716,,,0,4.256654181087885,data set 5
HDPEtreated,,,GNP,22.20935402786884,,,0,11.737627249243845,data set 5
HDPEtreated,,,GNP,18.740924728694395,,,0,5.195561612053131,data set 5
HDPEtreated,,,GNP,7.457161508926168,,,0,1.0374466712686372,data set 5
HDPEtreated,,,GNP,5.7501600361861716,,,0,0.7183352884159871,data set 5
HDPEtreated,,,GNP,23.53512937930167,,,0,8.311635517490293,data set 5
HDPEtreated,,,GNP,11.673936701302065,,,0,4.511447788845219,data set 5
HDPEtreated,,,GNP,23.237301273271953,,,0,13.06261531504217,data set 5
HDPEtreated,,,GNP,19.12333645865393,,,0,10.260557003936425,data set 5
HDPEtreated,,,GNP,20.284623591166703,,,0,12.556257057523736,data set 5
HDPEtreated,,,GNP,2.385838390679087,,,0,0.09214357541651623,data set 5
HDPEtreated,,,GNP,5.029660874135318,,,0,0.5694499767428585,data set 5
HDPEtreated,,,GNP,24.224922598043854,,,0,12.141320500485218,data set 5
HDPEtreated,,,GNP,12.883950674537196,,,0,4.2043708095570125,data set 5
HDPEtreated,,,GNP,4.23432532408096,,,0,0.38966743855605807,data set 5
HDPEtreated,,,GNP,19.025488287997845,,,0,7.566445523232653,data set 5
HDPEtreated,,,GNP,21.949233844636176,,,0,7.621474582490677,data set 5
HDPEtreated,,,GNP,1.0121987049475054,,,0,0.00011077530841741507,data set 5
HDPEtreated,,,GNP,14.704502864343823,,,0,5.7836869634393135,data set 5
HDPEtreated,,,GNP,15.484464359154824,,,0,2.911322865517296,data set 5
HDPEtreated,,,GNP,21.710959113258852,,,0,6.068376367394241,data set 5
HDPEtreated,,,GNP,12.891426389829906,,,0,6.021314507495282,data set 5
HDPEtreated,,,GNP,11.491966136356844,,,0,5.038735576173495,data set 5
HDPEtreated,,,GNP,10.580443758423554,,,0,2.429040472864192,data set 5
HDPEtreated,,,GNP,20.00676101723873,,,0,7.967570828177262,data set 5
HDPEtreated,,,GNP,5.76448551674621,,,0,1.3219005645362107,data set 5
HDPEtreated,,,GNP,20.947930732535042,,,0,8.356787666884443,data set 5
HDPEtreated,,,GNP,11.93067408681542,,,0,3.2330793579473265,data set 5
HDPEtreated,,,GNP,14.173973680931837,,,0,5.633415977511971,data set 5
HDPEtreated,,,GNP,2.3542481469183283,,,0,0.11302412003742172,data set 5
HDPEtreated,,,GNP,15.93641021576547,,,0,4.9612074622504485,data set 5
HDPEtreated,,,GNP,20.50116741567289,,,0,12.060134918004538,data set 5
HDPEtreated,,,GNP,5.700412992477658,,,0,1.2863862460472153,data set 5
HDPEtreated,,,GNP,6.217557705346683,,,0,0.9876167664769732,data set 5
HDPEtreated,,,GNP,14.269879970353024,,,0,5.547975763925303,data set 5
HDPEtreated,,,GNP,20.013233252403978,,,0,10.107295929672972,data set 5
HDPEtreated,,,GNP,7.824306766908971,,,0,1.065210723740972,data set 5
HDPEtreated,,,GNP,19.533923998160425,,,0,4.154650719031115,data set 5
HDPEtreated,,,GNP,19.530633476082553,,,0,4.417027819315778,data set 5
HDPEtreated,,,GNP,7.182403620431441,,,0,2.0714009356804466,data set 5
HDPEtreated,,,GNP,1.4618689308864852,,,0,0.03724132702051046,data set 5
HDPEtreated,,,GNP,12.065450692677523,,,0,2.308926368754589,data set 5
HDPEtreated,,,GNP,22.57247793433102,,,0,5.36703400877808,data set 5
HDPEtreated,,,GNP,6.3772424267371495,,,0,1.1993585724403764,data set 5
HDPEtreated,,,GNP,24.850756532349113,,,0,10.641803525507543,data set 5
HDPEtreated,,,GNP,20.73729898369411,,,0,6.7248842343261,data set 5
HDPEtreated,,,GNP,10.503038268726568,,,0,4.266151915811428,data set 5
HDPEtreated,,,GNP,22.35998525568332,,,0,5.327985862972402,data set 5
HDPEtreated,,,GNP,3.067127089414379,,,0,0.41980911592400794,data set 5
HDPEtreated,,,GNP,11.368193499965908,,,0,4.047660603533241,data set 5
HDPEtreated,,,GNP,3.8708219149481984,,,0,0.6649516728010969,data set 5
HDPEtreated,,,GNP,10.299749501233762,,,0,2.253431748919498,data set 5
HDPEtreated,,,GNP,10.345690495231437,,,0,2.6619903961545823,data set 5
HDPEtreated,,,GNP,6.295719787981833,,,0,0.7564739995424976,data set 5
HDPEtreated,,,GNP,10.285341309324933,,,0,3.1526124813491374,data set 5
HDPEtreated,,,GNP,4.016279698324611,,,0,0.2839662704057454,data set 5
HDPEtreated,,,GNP,12.426357803751317,,,0,3.265698040885529,data set 5
HDPEtreated,,,GNP,6.912915474834067,,,0,0.8156469644905324,data set 5
HDPEtreated,,,GNP,8.439957138866799,,,0,2.457336903164995,data set 5
HDPEtreated,,,GNP,18.988954766334633,,,0,5.802619392532276,data set 5
HDPEtreated,,,GNP,5.816483250492348,,,0,1.043699469809912,data set 5
HDPEtreated,,,GNP,18.47055421586098,,,0,10.171068547302664,data set 5
HDPEtreated,,,GNP,12.52358690607284,,,0,5.825478666053972,data set 5
HDPEtreated,,,GNP,20.314350281049354,,,0,10.727725356054636,data set 5
HDPEtreated,,,GNP,11.457717601068985,,,0,1.8672046071329405,data set 5
HDPEtreated,,,GNP,22.573881864582223,,,0,13.893303899793201,data set 5
HDPEtreated,,,GNP,18.97644064799227,,,0,11.195877118879698,data set 5
HDPEtreated,,,GNP,4.713277283789956,,,0,0.46719381957661194,data set 5
HDPEtreated,,,GNP,8.206298957958088,,,0,1.028366794116826,data set 5
HDPEtreated,,,GNP,1.9050075940884703,,,0,0.09463609667670396,data set 5
HDPEtreated,,,GNP,16.111489725516826,,,0,6.864735096137325,data set 5
HDPEtreated,,,GNP,24.132948283073617,,,0,14.173387326510055,data set 5
HDPEtreated,,,GNP,1.419361963750168,,,0,0.034915753161331595,data set 5
HDPEtreated,,,GNP,2.258611950673399,,,0,0.1920772882902275,data set 5
HDPEtreated,,,GNP,14.498213995111186,,,0,3.533536050120119,data set 5
HDPEtreated,,,GNP,22.48728221638916,,,0,12.3057583908377,data set 5
HDPEtreated,,,GNP,18.348680293236963,,,0,7.382321339234997,data set 5
HDPEtreated,,,GNP,3.8461430174450717,,,0,0.4272496144110946,data set 5
HDPEtreated,,,GNP,2.713026549270147,,,0,0.32856314349365406,data set 5
HDPEtreated,,,GNP,1.7334637005269737,,,0,0.04544128262339922,data set 5
HDPEtreated,,,GNP,18.8167402241309,,,0,8.245350653253391,data set 5
HDPEtreated,,,GNP,12.516099750709735,,,0,2.709238746375026,data set 5
HDPEtreated,,,GNP,20.56910694043157,,,0,6.327642334870197,data set 5
HDPEtreated,,,GNP,20.82525567395748,,,0,8.013954222367424,data set 5
HDPEtreated,,,GNP,9.017604499584266,,,0,1.847185152191021,data set 5
HDPEtreated,,,GNP,6.450391838196457,,,0,1.3286298384988369,data set 5
HDPEtreated,,,GNP,9.374843355721692,,,0,1.3584255563682912,data set 5
HDPEtreated,,,GNP,7.84895792640858,,,0,1.7342622901068476,data set 5
HDPEtreated,,,GNP,2.3883330023379914,,,0,0.19551949627120951,data set 5
HDPEtreated,,,GNP,5.703193322674184,,,0,1.360059392613417,data set 5
HDPEtreated,,,GNP,20.641168312552114,,,0,11.415440315342476,data set 5
HDPEtreated,,,GNP,11.603785202840907,,,0,1.7876817236753821,data set 5
HDPEtreated,,,GNP,5.151785707465955,,,0,0.7857734345191842,data set 5
HDPEtreated,,,GNP,11.395302834005395,,,0,4.677084452796429,data set 5
HDPEtreated,,,GNP,9.486757777778678,,,0,2.6599080985088843,data set 5
HDPEtreated,,,GNP,10.12674574919841,,,0,3.1227148976713783,data set 5
HDPEtreated,,,GNP,18.34129400989261,,,0,7.447242794484815,data set 5
HDPEtreated,,,GNP,24.671518607627437,,,0,7.715541226127613,data set 5
HDPEtreated,,,GNP,5.777925020357389,,,0,1.4783848238159567,data set 5
HDPEtreated,,,GNP,11.829142158133152,,,0,2.291089604310731,data set 5
HDPEtreated,,,GNP,3.0313572414362318,,,0,0.3518623445658237,data set 5
HDPEtreated,,,GNP,4.774776564878341,,,0,0.6662848982385089,data set 5
HDPEtreated,,,GNP,22.300527435774093,,,0,10.133076593502643,data set 5
HDPEtreated,,,GNP,21.829688672094683,,,0,13.27439216630109,data set 5
HDPEtreated,,,GNP,6.750700981965621,,,0,1.82298748187389,data set 5
HDPEtreated,,,GNP,20.511141635315973,,,0,6.710045961159541,data set 5
HDPEtreated,,,GNP,6.565279330067142,,,0,0.7437481511682977,data set 5
HDPEtreated,,,GNP,24.40634357386726,,,0,9.592445279246903,data set 5
HDPEtreated,,,GNP,23.28104260098853,,,0,12.6522397767689,data set 5
HDPEtreated,,,GNP,12.127380808724025,,,0,2.362151139836399,data set 5
HDPEtreated,,,GNP,21.290541438236982,,,0,12.095016093234015,data set 5
HDPEtreated,,,GNP,8.001121539646249,,,0,1.9627347669081048,data set 5
HDPEtreated,,,GNP,7.858000006355715,,,0,2.369718104895664,data set 5
HDPEtreated,,,GNP,10.128056085284786,,,0,3.9253248615226766,data set 5
HDPEtreated,,,GNP,18.030673945841013,,,0,7.910867356392212,data set 5
HDPEtreated,,,GNP,4.258388982300792,,,0,0.44309218728274374,data set 5
HDPEtreated,,,GNP,17.3371546618283,,,0,8.284404605587781,data set 5
HDPEtreated,,,GNP,4.259007615051322,,,0,0.4277401617824921,data set 5
HDPEtreated,,,GNP,23.34567080144367,,,0,13.216713374103374,data set 5
HDPEtreated,,,GNP,14.071906501163483,,,0,4.189332214671451,data set 5
HDPEtreated,,,GNP,4.300155428793184,,,0,0.37645165077205994,data set 5
HDPEtreated,,,GNP,7.312251249623962,,,0,0.8237350605546876,data set 5
HDPEtreated,,,GNP,24.459327689284585,,,0,16.603439192719698,data set 5
HDPEtreated,,,GNP,9.150361567666634,,,0,1.9614511316816636,data set 5
HDPEtreated,,,GNP,14.001811273919534,,,0,4.925292103561985,data set 5
HDPEtreated,,,GNP,9.179803369931278,,,0,2.476903086182119,data set 5
HDPEtreated,,,GNP,5.397935046021461,,,0,1.08879319410314,data set 5
HDPEtreated,,,GNP,10.789896880819096,,,0,4.4428623322499385,data set 5
HDPEtreated,,,GNP,23.713265006770687,,,0,12.778731948084921,data set 5
HDPEtreated,,,GNP,15.698844531060134,,,0,5.233267685278063,data set 5
HDPEtreated,,,GNP,23.480234134200266,,,0,13.453640271117804,data set 5
HDPEtreated,,,GNP,10.408778479418274,,,0,4.046299280481625,data set 5
HDPEtreated,,,GNP,13.907926410868996,,,0,5.219671612985504,data set 5
HDPEtreated,,,GNP,23.216203461034215,,,0,15.126859489919926,data set 5
HDPEtreated,,,GNP,15.88035025191839,,,0,3.315938066874118,data set 5
HDPEtreated,,,GNP,18.342636035130738,,,0,7.70204328465908,data set 5
HDPEtreated,,,GNP,21.222949274654212,,,0,13.157077655783986,data set 5
HDPEtreated,,,GNP,21.494437869541088,,,0,8.565338448945463,data set 5
HDPEtreated,,,GNP,3.276926451202397,,,0,0.2007018320461857,data set 5
HDPEtreated,,,GNP,23.74268295335643,,,0,14.055623391981335,data set 5
HDPEtreated,,,GNP,14.956509177295708,,,0,4.529596085493075,data set 5
HDPEtreated,,,GNP,22.44233142864271,,,0,5.3277517868093325,data set 5
HDPEtreated,,,GNP,8.230891139096538,,,0,1.5819772928501188,data set 5
HDPEtreated,,,GNP,11.93499629404096,,,0,2.235212545533547,data set 5
HDPEtreated,,,GNP,13.735680323361073,,,0,4.561292238613492,data set 5
HDPEtreated,,,GNP,22.701626586605535,,,0,8.03695684144989,data set 5
HDPEtreated,,,GNP,13.857807751433352,,,0,5.0913840830632155,data set 5
HDPEtreated,,,GNP,19.768739700717067,,,0,5.018006651941295,data set 5
HDPEtreated,,,GNP,23.542531021106466,,,0,14.345744380177928,data set 5
HDPEtreated,,,GNP,3.664794162632176,,,0,0.413069296595334,data set 5
HDPEtreated,,,GNP,20.987863060489317,,,0,9.781525692959116,data set 5
HDPEtreated,,,GNP,23.735070306150426,,,0,12.561690089290583,data set 5
HDPEtreated,,,GNP,13.328663527319094,,,0,4.371700489141785,data set 5
HDPEtreated,,,GNP,3.4167555926682684,,,0,0.5157354237995505,data set 5
HDPEtreated,,,GNP,19.47795787160061,,,0,9.431317199965257,data set 5
HDPEtreated,,,GNP,24.121123442718996,,,0,8.927001365933515,data set 5
HDPEtreated,,,GNP,2.2708437466062854,,,0,0.16538522110249973,data set 5
HDPEtreated,,,GNP,10.82849043889042,,,0,2.253974938350465,data set 5
HDPEtreated,,,GNP,3.1061856180283023,,,0,0.26427415298215035,data set 5
HDPEtreated,,,GNP,12.464548905047028,,,0,5.197191895828997,data set 5
HDPEtreated,,,GNP,5.71763831078629,,,0,0.8142921549097644,data set 5
HDPEtreated,,,GNP,10.89691090281412,,,0,3.9012805458143927,data set 5
HDPEtreated,,,GNP,24.457953760277405,,,0,8.388723877255709,data set 5
HDPEtreated,,,GNP,16.58775900365843,,,0,7.173947937005172,data set 5
HDPEtreated,,,GNP,18.54651218735046,,,0,10.85430443262062,data set 5
HDPEtreated,,,GNP,20.856387373875933,,,0,5.595411583532447,data set 5
HDPEtreated,,,GNP,5.733875278641435,,,0,0.7657578138406204,data set 5
HDPEtreated,,,GNP,21.136547626436542,,,0,11.729659227585396,data set 5
HDPEtreated,,,GNP,21.45237501903542,,,0,10.02209929960474,data set 5
HDPEtreated,,,GNP,19.43137587198605,,,0,5.559117230450173,data set 5
HDPEtreated,,,GNP,22.606537073790925,,,0,5.6819787932441965,data set 5
HDPEtreated,,,GNP,1.4539901864594817,,,0,0.02803481230817088,data set 5
HDPEtreated,,,GNP,15.439082545063627,,,0,5.715789244155026,data set 5
HDPEtreated,,,GNP,4.622670528062811,,,0,0.9691199246590807,data set 5
HDPEtreated,,,GNP,24.37026001645158,,,0,8.801348947079456,data set 5
HDPEtreated,,,GNP,6.388230237588297,,,0,1.589105739168942,data set 5
HDPEtreated,,,GNP,1.1376297003627087,,,0,0.006958009028919118,data set 5
HDPEtreated,,,GNP,14.02619924966615,,,0,5.912495127658887,data set 5
HDPEtreated,,,GNP,13.9262144596427,,,0,2.5450266358950104,data set 5
HDPEtreated,,,GNP,5.585447072696642,,,0,1.4308015978631692,data set 5
HDPEtreated,,,GNP,12.228855088495141,,,0,4.503635217334637,data set 5
HDPEtreated,,,GNP,18.74124118726526,,,0,9.64391064693042,data set 5
HDPEtreated,,,GNP,8.562205795563274,,,0,2.833472182972512,data set 5
HDPEtreated,,,GNP,17.709151947368724,,,0,9.03317407441427,data set 5
HDPEtreated,,,GNP,4.909292516193395,,,0,0.8508349474776123,data set 5
HDPEtreated,,,GNP,8.03548539712496,,,0,2.048666730939321,data set 5
HDPEtreated,,,GNP,1.8733586240348297,,,0,0.08764157580401949,data set 5
HDPEtreated,,,GNP,9.216829545222941,,,0,2.3948705950530815,data set 5
HDPEtreated,,,GNP,18.848044881366526,,,0,8.32084391024565,data set 5
HDPEtreated,,,GNP,18.450205303000892,,,0,8.21550233359731,data set 5
HDPEtreated,,,GNP,1.3458831710468235,,,0,0.017280260426039838,data set 5
HDPEtreated,,,GNP,1.7060795873445809,,,0,0.0705324397288961,data set 5
HDPEtreated,,,GNP,23.951639867297292,,,0,8.06235537002492,data set 5
HDPEtreated,,,GNP,3.6553117592369295,,,0,0.464010667788861,data set 5
HDPEtreated,,,GNP,15.519014197823918,,,0,4.950078588325642,data set 5
HDPEtreated,,,GNP,9.404648531595509,,,0,3.158856649911311,data set 5
HDPEtreated,,,GNP,19.92815350531588,,,0,5.07029128652855,data set 5
HDPEtreated,,,GNP,6.077211234779326,,,0,1.6771250702010814,data set 5
HDPEtreated,,,GNP,3.206580875575141,,,0,0.30873839774558526,data set 5
HDPEtreated,,,GNP,22.529126132575175,,,0,11.140143728056264,data set 5
HDPEtreated,,,GNP,3.4777184300782658,,,0,0.5491925640509754,data set 5
HDPEtreated,,,GNP,11.269898842263778,,,0,3.78803725201214,data set 5
HDPEtreated,,,GNP,1.7567244315702641,,,0,0.05770934266774444,data set 5
HDPEtreated,,,GNP,15.236847335552325,,,0,7.487168774091511,data set 5
HDPEtreated,,,GNP,16.58032216840645,,,0,8.882251408752401,data set 5
HDPEtreated,,,GNP,9.528522651817596,,,0,1.6508625010440656,data set 5
HDPEtreated,,,GNP,7.457157031766802,,,0,2.249758171862229,data set 5
HDPEtreated,,,GNP,13.343435639200926,,,0,3.6889440258386417,data set 5
HDPEtreated,,,GNP,19.6963820264303,,,0,6.773941031195763,data set 5
HDPEtreated,,,GNP,3.3706626227290224,,,0,0.4196822725941782,data set 5
HDPEtreated,,,GNP,1.5801871244551977,,,0,0.025650525657958792,data set 5
HDPEtreated,,,GNP,8.379619611687271,,,0,1.3706669538121137,data set 5
HDPEtreated,,,GNP,23.723843827370764,,,0,12.939251856910538,data set 5
HDPEtreated,,,GNP,5.583934197366134,,,0,0.6862240179352028,data set 5
HDPEtreated,,,GNP,14.835107716026968,,,0,4.955556046427074,data set 5
HDPEtreated,,,GNP,1.2084543776362242,,,0,0.008400277578955066,data set 5
HDPEtreated,,,GNP,13.280921127559525,,,0,3.7201988883956334,data set 5
HDPEtreated,,,GNP,3.400389705520528,,,0,0.31365999354418966,data set 5
HDPEtreated,,,GNP,8.118062087003722,,,0,1.9981687772147372,data set 5
HDPEtreated,,,GNP,9.783429506543811,,,0,3.1306947426717464,data set 5
HDPEtreated,,,GNP,10.404178394633348,,,0,3.097634430803118,data set 5
HDPEtreated,,,GNP,10.939365140312528,,,0,3.8704734287350044,data set 5
HDPEtreated,,,GNP,11.788110400674451,,,0,3.6899041919070705,data set 5
HDPEtreated,,,GNP,6.119819140518791,,,0,1.3180776008397248,data set 5
HDPEtreated,,,GNP,1.6562182244748742,,,0,0.04371995514556301,data set 5
HDPEtreated,,,GNP,16.686079382312847,,,0,9.132174942443557,data set 5
HDPEtreated,,,GNP,4.905020991866965,,,0,1.0750921552301156,data set 5
HDPEtreated,,,GNP,16.604293825213965,,,0,6.813885270890042,data set 5
HDPEtreated,,,GNP,20.37061265803685,,,0,12.218881074449621,data set 5
HDPEtreated,,,GNP,12.803885890826253,,,0,3.82829765025837,data set 5
HDPEtreated,,,GNP,16.804430774615476,,,0,8.951864276533652,data set 5
HDPEtreated,,,GNP,15.62085755143228,,,0,6.116505767182165,data set 5
HDPEtreated,,,GNP,18.596053289978077,,,0,3.823687684946372,data set 5
HDPEtreated,,,GNP,24.276884385986563,,,0,15.615245476723485,data set 5
HDPEtreated,,,GNP,11.409929158170115,,,0,4.629199733202599,data set 5
HDPEtreated,,,GNP,6.6672507922896695,,,0,1.1649700983937936,data set 5
HDPEtreated,,,GNP,24.87155479036029,,,0,15.676909298992454,data set 5
HDPEtreated,,,GNP,3.4247872088513898,,,0,0.3501336437896525,data set 5
HDPEtreated,,,GNP,17.72717739501985,,,0,4.978326125351059,data set 5
HDPEtreated,,,GNP,9.628535119720151,,,0,1.7416409796946835,data set 5
HDPEtreated,,,GNP,12.139955408008316,,,0,3.6948781255081533,data set 5
HDPEtreated,,,GNP,15.199924838597754,,,0,3.0377708026774703,data set 5
HDPEtreated,,,GNP,24.070296523655408,,,0,12.44059605398024,data set 5
HDPEtreated,,,GNP,17.65278959290309,,,0,9.946348046526508,data set 5
HDPEtreated,,,GNP,3.501165355702992,,,0,0.2079018479575673,data set 5
HDPEtreated,,,GNP,16.168781238082907,,,0,5.484088029787797,data set 5
HDPEtreated,,,GNP,1.5541909575803032,,,0,0.056767456025186555,data set 5
HDPEtreated,,,GNP,14.607926689569986,,,0,4.5078143291088315,data set 5
HDPEtreated,,,GNP,21.179669300373245,,,0,6.642639961382258,data set 5
HDPEtreated,,,GNP,8.061582369458524,,,0,1.8855324433962855,data set 5
HDPEtreated,,,GNP,15.015865687688066,,,0,6.406283302597737,data set 5
HDPEtreated,,,GNP,23.157227756207625,,,0,13.476662970154795,data set 5
HDPEtreated,,,GNP,5.527635239098857,,,0,0.9424395208700573,data set 5
HDPEtreated,,,GNP,7.325974477922936,,,0,1.1855483767896267,data set 5
HDPEtreated,,,GNP,24.72672035033364,,,0,16.718239957707553,data set 5
HDPEtreated,,,GNP,22.859723061085237,,,0,14.902234392748037,data set 5
HDPEtreated,,,GNP,24.523301480237414,,,0,9.627817687349637,data set 5
HDPEtreated,,,GNP,18.51601489397261,,,0,5.777269380025494,data set 5
HDPEtreated,,,GNP,16.303551542390352,,,0,6.049968709629998,data set 5
HDPEtreated,,,GNP,10.608777578145421,,,0,2.41208707302517,data set 5
HDPEtreated,,,GNP,16.89610854984044,,,0,6.520963184523705,data set 5
HDPEtreated,,,GNP,21.660173935067036,,,0,8.055286818979054,data set 5
HDPEtreated,,,GNP,6.568329781520534,,,0,1.6778340049364493,data set 5
HDPEtreated,,,GNP,5.996936973210415,,,0,1.517218328251174,data set 5
HDPEtreated,,,GNP,22.05882925393664,,,0,11.759537899297495,data set 5
HDPEtreated,,,GNP,17.1638900354285,,,0,7.531334114050425,data set 5
HDPEtreated,,,GNP,18.833822243202246,,,0,5.535219634845304,data set 5
HDPEtreated,,,GNP,1.4968561522194888,,,0,0.017920749067226203,data set 5
HDPEtreated,,,GNP,9.757186585110137,,,0,3.7924518477373437,data set 5
HDPEtreated,,,GNP,14.775274820419734,,,0,3.740192560840293,data set 5
HDPEtreated,,,GNP,5.107547234949738,,,0,0.601525837175914,data set 5
HDPEtreated,,,GNP,20.090957696997545,,,0,5.217086389162929,data set 5
HDPEtreated,,,GNP,11.227877949090537,,,0,2.4395916091323726,data set 5
HDPEtreated,,,GNP,13.675034314756832,,,0,4.901747747534802,data set 5
HDPEtreated,,,GNP,1.7527204653606185,,,0,0.047174647228310045,data set 5
HDPEtreated,,,GNP,7.038252760071506,,,0,1.4017969261670478,data set 5
HDPEtreated,,,GNP,18.122407506030186,,,0,4.769402799182001,data set 5
HDPEtreated,,,GNP,2.34626247749875,,,0,0.15265958633382903,data set 5
HDPEtreated,,,GNP,9.24049019747486,,,0,1.6366460988435934,data set 5
HDPEtreated,,,GNP,19.767411233312952,,,0,8.60395085239157,data set 5
HDPEtreated,,,GNP,21.449807384173543,,,0,6.873944676371485,data set 5
HDPEtreated,,,GNP,1.6090612952571854,,,0,0.05833618577245827,data set 5
HDPEtreated,,,GNP,21.41091850192672,,,0,12.317634868278683,data set 5
HDPEtreated,,,GNP,14.354894033769872,,,0,6.145751569750311,data set 5
HDPEtreated,,,GNP,9.174379620290711,,,0,1.4589397455283444,data set 5
HDPEtreated,,,GNP,13.624981749745707,,,0,3.319226852837489,data set 5
HDPEtreated,,,GNP,15.874701772546878,,,0,5.945674707400735,data set 5
HDPEtreated,,,GNP,21.22277373671158,,,0,7.333929851136036,data set 5
HDPEtreated,,,GNP,14.362464589631458,,,0,7.018185839174488,data set 5
HDPEtreated,,,GNP,6.745715372239411,,,0,1.0009717534484777,data set 5
HDPEtreated,,,GNP,21.611988381307903,,,0,9.409658359398453,data set 5
HDPEtreated,,,GNP,6.5747830684199755,,,0,1.2249140086170327,data set 5
HDPEtreated,,,GNP,7.883202155680678,,,0,1.6794697149529947,data set 5
HDPEtreated,,,GNP,16.86244925220628,,,0,7.747246300335246,data set 5
HDPEtreated,,,GNP,14.396435637843831,,,0,6.065089989491849,data set 5
HDPEtreated,,,GNP,15.846637440203459,,,0,8.284580485800827,data set 5
HDPEtreated,,,GNP,2.7032523775122623,,,0,0.24101390119975008,data set 5
HDPEtreated,,,GNP,15.483076100977275,,,0,3.5881954615784504,data set 5
HDPEtreated,,,GNP,22.921539656975582,,,0,7.578544121673148,data set 5
HDPEtreated,,,GNP,23.69603140648205,,,0,8.178961665118868,data set 5
HDPEtreated,,,GNP,19.956965945136336,,,0,12.278673568243056,data set 5
HDPEtreated,,,GNP,2.40554603722732,,,0,0.2474275863462046,data set 5
HDPEtreated,,,GNP,1.105930556406526,,,0,0.001784973078337636,data set 5
HDPEtreated,,,GNP,14.592185058263986,,,0,5.166673697943408,data set 5
HDPEtreated,,,GNP,19.868351728056773,,,0,8.107834143691285,data set 5
HDPEtreated,,,GNP,4.820569837370578,,,0,1.0037557612963,data set 5
HDPEtreated,,,GNP,23.03321154910019,,,0,13.076256778193622,data set 5
HDPEtreated,,,GNP,13.522120788054412,,,0,3.7444093030716368,data set 5
